{
  "checkpoint": "checkpoints/exp011_view_aware/decoder_exp2_epoch4.pt",
  "num_images": 5,
  "frontal_ssim": 0.8892677135765552,
  "frontal_ssim_std": 1.3330336047542204,
  "view_0": 0.8892677135765552,
  "view_0_std": 1.3330336047542204,
  "view_45": 0.577099609375,
  "view_45_std": 0.3761979328767971,
  "view_90": 0.53685302734375,
  "view_90_std": 0.37691688837792264,
  "view_135": 0.64024658203125,
  "view_135_std": 0.4045344689345378,
  "view_180": 0.65789794921875,
  "view_180_std": 0.4088401733320132,
  "view_225": 0.58817138671875,
  "view_225_std": 0.3861326237911058,
  "view_270": 0.54129638671875,
  "view_270_std": 0.36657556838979016,
  "view_315": 0.640185546875,
  "view_315_std": 0.3966702920767388,
  "view_consistency": 0.30896861092520955
}